3.024535165535948081e+28,35120507.13591268715
3.045521300435887863e+28,35039651.44834582243
3.06665305039200453e+28,34958981.90963457104
3.087931425773510247e+28,34878498.09122038024
3.10935744396019681e+28,34798199.56553134009
3.130932129391079455e+28,34718085.90597991199
3.152656513613378215e+28,34638156.68696066246
3.174531635331839131e+28,34558411.48384800202
3.19655854045839769e+28,34478849.87299392944
3.218738282162186865e+28,34399471.43172578108
3.241071920919892109e+28,34320275.73834398538
3.263560524566455794e+28,34241262.37211982267
3.286205168346133432e+28,34162430.91329318995
3.309006934963904173e+28,34083780.94307037094
3.331966914637238012e+28,34005312.04362181124
3.355086205148222196e+28,33927023.7980798986
3.378365911896049319e+28,33848915.79053674829
3.401807147949869606e+28,33770987.60604199358
3.425411034102009922e+28,33693238.83060058131
3.449178698921562043e+28,33615669.05117057257
3.473111278808342785e+28,33538277.85566094833
3.497209918047228485e+28,33461064.83292942028
3.52147576886286655e+28,33384029.57278024656
3.545909991474766584e+28,33307171.66596205263
3.570513754152773817e+28,33230490.70416565711
3.595288233272927377e+28,33153986.2800219026
3.620234613373706222e+28,33077657.98709949155
3.645354087212665279e+28,33001505.41990282711
3.670647855823464586e+28,32925528.17386985885
3.696117128573294144e+28,32849725.84536993357
3.721763123220697194e+28,32774098.031701651
3.747587065973794748e+28,32698644.33109072446
3.773590191548914082e+28,32623364.34268784639
3.79977374322962403e+28,32548257.66656655879
3.826138972926179945e+28,32473323.90372112874
3.85268714123538108e+28,32398562.65606442852
3.879419517500843314e+28,32323973.52642582087
3.906337379873690092e+28,32249556.11854904895
3.933442015373664483e+28,32175310.03709013129
3.96073471995066525e+28,32101234.88761526141
3.988216798546709913e+28,32027330.27659871249
4.015889565158327751e+28,31953595.81142074671
4.043754342899385728e+28,31880031.10036552943
4.07181246406435032e+28,31806635.75261904824
4.100065270191988328e+28,31733409.3782670367
4.128514112129509665e+28,31660351.58829290295
4.157160350097155219e+28,31587461.99457566305
4.186005353753232857e+28,31514740.20988787906
4.215050502259604682e+28,31442185.8478936019
4.244297184347628708e+28,31369798.52314631893
4.27374679838455807e+28,31297577.85108690624
4.303400752440400934e+28,31225523.44804158571
4.333260464355244337e+28,31153634.9312198867
4.363327361807045188e+28,31081911.91871261251
4.393602882379891601e+28,31010354.02948981139
4.424088473632737881e+28,30938960.88339875244
4.454785593168616466e+28,30867732.10116190593
4.485695708704330077e+28,30796667.30437492844
4.516820298140627439e+28,30725766.11550465255
4.548160849632865928e+28,30655028.15788708123
4.579718861662164524e+28,30584453.05572538673
4.611495843107050461e+28,30514040.43408791422
4.643493313315603032e+28,30443789.91890618995
4.675712802178097912e+28,30373701.13697293397
4.708155850200155622e+28,30303773.71594007747
4.74082400857639745e+28,30234007.28431678471
4.773718839264612522e+28,30164401.47146747939
4.806841915060439436e+28,30094955.90760987574
4.840194819672566127e+28,30025670.22381301396
4.87377914779845146e+28,29956544.05199530033
4.907596505200572294e+28,29887577.02492255169
4.941648508783199552e+28,29818768.7762060446
4.975936786669707036e+28,29750118.94030056881
5.010462978280416616e+28,29681627.15250248536
5.045228734410983622e+28,29613293.04894778901
5.080235717311326078e+28,29545116.26661017527
5.115485600765101604e+28,29477096.44329911178
5.150980070169735797e+28,29409233.2176579142
5.18672082261700588e+28,29341526.22916182644
5.222709566974183502e+28,29273975.11811610543
5.258948023965740543e+28,29206579.52565411018
5.295437926255621868e+28,29139339.0937353953
5.332181018530088935e+28,29072253.46514380895
5.369179057581138198e+28,29005322.28348559509
5.406433812390498368e+28,28938545.19318750011
5.443947064214210457e+28,28871921.83949488387
5.481720606667794696e+28,28805451.86846983505
5.51975624581200843e+28,28739134.92698929084
5.558055800239199035e+28,28672970.662743161
5.596621101160255974e+28,28606958.72423245614
5.635453992492166233e+28,28541098.76076742046
5.674556330946177236e+28,28475390.42246566861
5.713929986116571524e+28,28409833.36025032703
5.753576840570057356e+28,28344427.22584817936
5.793498789935779632e+28,28279171.67178781637
5.833697742995955288e+28,28214066.35139778987
5.874175621777137623e+28,28149110.91880477112
5.914934361642113897e+28,28084305.02893171329
5.95597591138244051e+28,28019648.3374960183
5.99730223331162031e+28,27955140.50100770777
6.03891530335892636e+28,27890781.17676759824
6.08081711116387678e+28,27826570.02286548053
6.123009660171365089e+28,27762506.69817830341
6.165494967727450591e+28,27698590.86236836134
6.208275065175813445e+28,27634822.17588148639
6.251351997954879047e+28,27571200.29994524441
6.294727825695616186e+28,27507724.89656713523
6.338404622320013958e+28,27444395.62853279713
6.382384476140241819e+28,27381212.15940421532
6.426669489958497809e+28,27318174.1535179347
6.471261781167549461e+28,27255281.27598327652
6.516163481851972425e+28,27192533.19268055935
6.561376738890091489e+28,27129929.57025932404
6.606903714056628966e+28,27067470.07613656281
6.652746584126065309e+28,27005154.37849495233
6.698907540976716878e+28,26942982.14628109102
6.745388791695535926e+28,26880953.04920374025
6.792192558683637698e+28,26819066.75773206972
6.839321079762559769e+28,26757322.94309390677
6.886776608281258674e+28,26695721.27727398981
6.934561413223848942e+28,26634261.4330122257
6.982677779318089712e+28,26572943.08380195121
7.031128007144624031e+28,26511765.90388819841
7.079914413246976244e+28,26450729.56826596412
7.129039330242312507e+28,26389833.75267848329
7.178505106932969847e+28,26329078.13361550639
7.228314108418759129e+28,26268462.38831158079
7.278468716210047204e+28,26207986.19474433597
7.328971328341623733e+28,26147649.23163277288
7.379824359487358024e+28,26087451.17843555706
7.431030241075651506e+28,26027391.71534931574
7.482591421405691268e+28,25967470.52330693898
7.534510365764510174e+28,25907687.28397588449
7.5867895565448593e+28,25848041.67975648658
7.6394314933638982e+28,25788533.39378026884
7.692438693182708734e+28,25729162.10990826083
7.745813690426638154e+28,25669927.51272931854
7.799559037106477176e+28,25610829.28755844876
7.853677302940478941e+28,25551867.12043513735
7.908171075477224531e+28,25493040.69812168129
7.963042960219341075e+28,25434349.70810152459
8.018295580748078221e+28,25375793.83857759806
8.073931578848749062e+28,25317372.77847066287
8.129953614637041427e+28,25259086.21741765795
8.186364366686205578e+28,25200933.84577005115
8.24316653215512443e+28,25142915.35459219426
8.300362826917272457e+28,25085030.43565968177
8.357955985690569274e+28,25027278.78145771341
8.415948762168134332e+28,24969660.08517946048
8.474343929149948847e+28,24912174.04072443594
8.533144278675431265e+28,24854820.34269686823
8.592352622156932614e+28,24797598.68640407887
8.651971790514158163e+28,24740508.76785486377
8.712004634309521737e+28,24683550.28375787821
8.772454023884439258e+28,24626722.93152002572
8.833322849496567949e+28,24570026.40924485044
8.89461402145799778e+28,24513460.41573093332
8.956330470274401823e+28,24457024.65047029201
9.018475146785151999e+28,24400718.81364678439
9.081051022304407203e+28,24344542.60613451575
9.144061088763180304e+28,24288495.72949624975
9.207508358852390815e+28,24232577.8859818229
9.271395866166910359e+28,24176788.77852656281
9.335726665350607357e+28,24121128.11074970999
9.400503832242398356e+28,24065595.58695284333
9.465730464023312632e+28,24010190.91211830921
9.531409679364577212e+28,23954913.7919076542
9.597544618576729482e+28,23899763.93266006137
9.664138443759764348e+28,23844741.04139079025
9.731194338954323291e+28,23789844.82578962031
9.798715510293932405e+28,23735074.99421929805
9.866705186158296782e+28,23680431.25571398769
9.935166617327658557e+28,23625913.31997772542
1.000410307713822594e+29,23571520.89738287716
1.007351786163868083e+29,23517253.69896859994
1.014341428974777224e+29,23463111.43643930676
1.02137957034130033e+29,23409093.82216313506
1.028466546777041923e+29,23355200.56917041862
1.035602697130550419e+29,23301431.39115216304
1.042788362601519432e+29,23247786.00245852475
1.050023886757101517e+29,23194264.11809729345
1.057309615548335079e+29,23140865.4537323781
1.064645897326685295e+29,23087589.72568229638
1.07203308286069978e+29,23034436.65091866764
1.079471525352779832e+29,22981405.94706470926
1.086961580456068051e+29,22928497.33239373657
1.094503606291453124e+29,22875710.52582766613
1.102097963464692615e+29,22823045.24693552254
1.10974501508365454e+29,22770501.21593194862
1.117445126775678602e+29,22718078.15367571901
1.125198666705057869e+29,22665775.78166825729
1.133006005590641763e+29,22613593.82205215644
1.140867516723561183e+29,22561531.99760970266
1.148783575985076619e+29,22509590.03176140271
1.156754561864550104e+29,22457767.64856451454
1.164780855477541875e+29,22406064.57271158135
1.17286284058403259e+29,22354480.52952896904
1.181000903606771985e+29,22303015.24497540692
1.189195433649754856e+29,22251668.44564053198
1.197446822516825221e+29,22200439.85874343626
1.205755464730409583e+29,22149329.21213121781
1.214121757550380173e+29,22098336.23427753479
1.222546100993049073e+29,22047460.65428116305
1.231028897850294142e+29,21996702.20186455691
1.239570553708817639e+29,21946060.6073724133
1.248171476969538481e+29,21895535.60177023927
1.256832078867119059e+29,21845126.91664292269
1.265552773489627532e+29,21794834.28419330628
1.274333977798336567e+29,21744657.43724076497
1.283176111647659439e+29,21694596.10921978648
1.29207959780522447e+29,21644650.03417855519
1.301044861972088756e+29,21594818.94677753924
1.310072332803092149e+29,21545102.58228808096
1.319162441927352463e+29,21495500.67659099045
1.328315623968902895e+29,21446012.96617514245
1.337532316567472637e+29,21396639.18813607643
1.346812960399411684e+29,21347379.08017459993
1.356157999198760826e+29,21298232.38059539506
1.365567879778467828e+29,21249198.82830562826
1.375043052051750847e+29,21200278.16281356322
1.384583969053610048e+29,21151470.12422717701
1.394191086962488518e+29,21102774.45325277945
1.403864865122083438e+29,21054190.89119363551
1.413605766063308631e+29,21005719.17994859109
1.423414255526409476e+29,20957359.06201070176
1.433290802483231275e+29,20909110.28046586481
1.443235879159642142e+29,20860972.57899145435
1.453249961058111461e+29,20812945.70185495961
1.463333526980445016e+29,20765029.39391262636
1.473487059050677875e+29,20717223.40060810144
1.483711042738126104e+29,20669527.46797108042
1.494005966880598452e+29,20621941.3426159584
1.504372323707769077e+29,20574464.7717404839
1.514810608864712439e+29,20527097.50312441578
1.525321321435601519e+29,20479839.28512818339
1.535904963967570448e+29,20432689.8666915497
1.546562042494742721e+29,20385648.99733227753
1.557293066562426126e+29,20338716.42714479885
1.56809854925147557e+29,20291891.9067988872
1.578979007202824922e+29,20245175.18753833305
1.589934960642189102e+29,20198566.02117962233
1.600966933404937544e+29,20152064.16011061792
1.612075452961140269e+29,20105669.35728924424
1.623261050440787732e+29,20059381.36624217479
1.634524260659185651e+29,20013199.9410635228
1.64586562214252606e+29,19967124.83641353478
1.657285677153635778e+29,19921155.80751728725
1.668784971717903551e+29,19875292.61016338629
1.680364055649387061e+29,19829535.00070267018
1.692023482577101128e+29,19783882.73604691501
1.703763809971488277e+29,19738335.5736675433
1.715585599171072987e+29,19692893.27159433549
1.727489415409300899e+29,19647555.58841414456
1.739475827841564223e+29,19602322.28326961344
1.751545409572414699e+29,19557193.1158578955
1.76369873768296534e+29,19512167.84642937791
1.775936393258482339e+29,19467246.23578640795
1.7882589614161684e+29,19422428.04528202233
1.80066703133313888e+29,19377713.03681867932
1.813161196274591998e+29,19333100.97284699386
1.825742053622174564e+29,19288591.61636447557
1.838410204902544477e+29,19244184.7309142697
1.851166255816131445e+29,19199880.08058390093
1.864010816266097234e+29,19155677.43000402005
1.876944500387496895e+29,19111576.54434715361
1.889967926576642297e+29,19067577.18932645636
1.903081717520669425e+29,19023679.13119446659
1.916286500227310822e+29,18979882.13674186437
1.929582906054874626e+29,18936185.97329623262
1.942971570742431599e+29,18892590.40872082099
1.956453134440211634e+29,18849095.21141331268
1.970028241740211154e+29,18805700.15030459402
1.983697541707012901e+29,18762404.99485752691
1.997461687908819562e+29,18719209.51506572412
2.011321338448702722e+29,18676113.48145232731
2.025277155996068657e+29,18633116.665068788
2.039329807818342441e+29,18590218.83749365125
2.053479965812871913e+29,18547419.77083134214
2.067728306539052985e+29,18504719.23771095511
2.082075511250677902e+29,18462117.01128504602
2.096522265928507914e+29,18419612.86522842704
2.111069261313071962e+29,18377206.57373696427
2.125717192937692973e+29,18334897.91152637816
2.140466761161743276e+29,18292686.65383104671
2.155318671204130793e+29,18250572.57640281136
2.170273633177017548e+29,18208555.45550978566
2.185332362119772166e+29,18166635.06793516673
2.200495578033157952e+29,18124811.19097604941
2.215764005913758157e+29,18083083.6024422431
2.231138375788640148e+29,18041452.08065509143
2.246619422750260087e+29,17999916.40444629455
2.262207886991609781e+29,17958476.35315673418
2.277904513841607435e+29,17917131.70663530136
2.293710053800733936e+29,17875882.24523772687
2.309625262576916448e+29,17834727.7498254144
2.325650901121660925e+29,17793668.00176427634
2.341787735666435409e+29,17752702.78292357232
2.358036537759305713e+29,17711831.87567475033
2.374398084301825344e+29,17671055.0628902906
2.390873157586181397e+29,17630372.12794255214
2.407462545332598138e+29,17589782.85470262181
2.424167040727000194e+29,17549287.02753916621
2.440987442458937003e+29,17508884.43131728611
2.457924554759770457e+29,17468574.85139737353
2.474979187441127486e+29,17428358.07363397148
2.492152155933619465e+29,17388233.88437463628
2.509444281325830279e+29,17348202.07045880259
2.526856390403574902e+29,17308262.41921665089
2.544389315689430387e+29,17268414.71846797776
2.562043895482541147e+29,17228658.75652106864
2.579820973898700426e+29,17188994.32217157318
2.597721400910709876e+29,17149421.20470138325
2.61574603238901919e+29,17109939.19387751349
2.633895730142647692e+29,17070548.07995098442
2.652171361960389912e+29,17031247.65365570819
2.670573801652307003e+29,16992037.7062073768
2.689103929091506128e+29,16952918.02930235296
2.707762630256209686e+29,16913888.41511656347
2.726550797272116443e+29,16874948.65630439511
2.745469328455056634e+29,16836098.54599759319
2.76451912835394298e+29,16797337.87780416248
2.783701107794019766e+29,16758666.44580727082
2.803016183920411982e+29,16720084.04456415511
2.822465280241976648e+29,16681590.46910502993
2.842049326675458414e+29,16643185.51493199865
2.861769259589951521e+29,16604868.978017967
2.881626021851670282e+29,16566640.65480555919
2.901620562869030197e+29,16528500.34220603649
2.92175383863804189e+29,16490447.83759821833
2.94202681178801999e+29,16452482.93882740588
2.962440451627609189e+29,16414605.44420430806
2.982995734191129648e+29,16376815.15250397013
3.003693642285243991e+29,16339111.8629647046
3.024535165535948082e+29,16301495.37528702474
3.045521300435887866e+29,16263965.48963258045
3.066653050392004529e+29,16226522.00662309662
3.08793142577351025e+29,16189164.72733931397
3.109357443960196811e+29,16151893.4533199322
3.130932129391079456e+29,16114707.98656055577
3.152656513613378215e+29,16077608.12951264188
3.174531635331839132e+29,16040593.68508245112
3.196558540458397691e+29,16003664.45663000026
3.218738282162186865e+29,15966820.24796801773
3.24107192091989211e+29,15930060.8633609013
3.263560524566455795e+29,15893386.10752367823
3.286205168346133436e+29,15856795.78562096783
3.309006934963904175e+29,15820289.7032659464
3.331966914637238014e+29,15783867.66651931454
3.355086205148222198e+29,15747529.48188826683
3.378365911896049323e+29,15711274.95632546391
3.401807147949869606e+29,15675103.89722800691
3.425411034102009921e+29,15639016.11243641425
3.449178698921562044e+29,15603011.41023360076
3.473111278808342785e+29,15567089.59934385924
3.497209918047228485e+29,15531250.48893184421
3.52147576886286655e+29,15495493.88860155819
3.545909991474766584e+29,15459819.60839534014
3.570513754152773814e+29,15424227.45879285639
3.595288233272927376e+29,15388717.25071009371
3.620234613373706226e+29,15353288.79549835487
3.645354087212665281e+29,15317941.90494325642
3.670647855823464587e+29,15282676.39126372879
3.696117128573294142e+29,15247492.0671110187
3.721763123220697197e+29,15212388.74556769388
3.747587065973794752e+29,15177366.24014665005
3.773590191548914078e+29,15142424.3647901202
3.799773743229624032e+29,15107562.9338686862
3.826138972926179947e+29,15072781.76218029257
3.852687141235381083e+29,15038080.66494926264
3.879419517500843314e+29,15003459.45782531692
3.906337379873690094e+29,14968917.95688259371
3.933442015373664486e+29,14934455.978618672
3.96073471995066525e+29,14900073.33995359665
3.988216798546709914e+29,14865769.85822890571
4.015889565158327757e+29,14831545.35120666009
4.043754342899385729e+29,14797399.63706847538
4.071812464064350319e+29,14763332.53441455598
4.100065270191988328e+29,14729343.86226273139
4.128514112129509665e+29,14695433.44004749471
4.157160350097155222e+29,14661601.08761904342
4.186005353753232856e+29,14627846.62524232232
4.215050502259604681e+29,14594169.8735960687
4.244297184347628709e+29,14560570.65377185963
4.273746798384558069e+29,14527048.7872731616
4.303400752440400933e+29,14493604.09601438216
4.333260464355244344e+29,14460236.40231992391
4.363327361807045192e+29,14426945.52892324055
4.3936028823798916e+29,14393731.29896589516
4.42408847363273788e+29,14360593.53599662066
4.454785593168616467e+29,14327532.06397038236
4.485695708704330076e+29,14294546.70724744276
4.516820298140627441e+29,14261637.29059242844
4.548160849632865929e+29,14228803.63917339913
4.579718861662164521e+29,14196045.5785609189
4.611495843107050464e+29,14163362.93472712951
4.643493313315603032e+29,14130755.53404482587
4.675712802178097918e+29,14098223.20328653367
4.708155850200155623e+29,14065765.76962358906
4.740824008576397451e+29,14033383.06062522054
4.773718839264612525e+29,14001074.9042576329
4.806841915060439447e+29,13968841.12888309327
4.840194819672566129e+29,13936681.56325901933
4.873779147798451456e+29,13904596.03653706952
4.907596505200572294e+29,13872584.3782622355
4.941648508783199553e+29,13840646.41837193648
4.975936786669707036e+29,13808781.98719511588
5.010462978280416618e+29,13776990.91545133987
5.045228734410983623e+29,13745273.03424989808
5.080235717311326078e+29,13713628.17508890639
5.115485600765101602e+29,13682056.16985441174
5.150980070169735798e+29,13650556.85081949903
5.186720822617005884e+29,13619130.05064340006
5.222709566974183504e+29,13587775.6023706045
5.258948023965740542e+29,13556493.33942997302
5.295437926255621872e+29,13525283.0956338523
5.332181018530088935e+29,13494144.70517719217
5.3691790575811382e+29,13463078.00263666478
5.40643381239049837e+29,13432082.82296978579
5.443947064214210461e+29,13401159.00151403756
5.481720606667794693e+29,13370306.3739859944
5.51975624581200843e+29,13339524.77648044979
5.558055800239199038e+29,13308814.04546954564
5.596621101160255976e+29,13278174.01780190354
5.635453992492166231e+29,13247604.53070175802
5.674556330946177236e+29,13217105.4217680918
5.713929986116571523e+29,13186676.52897377302
5.753576840570057363e+29,13156317.69066469451
5.793498789935779635e+29,13126028.74555891491
5.833697742995955283e+29,13095809.53274580197
5.874175621777137622e+29,13065659.89168517763
5.914934361642113898e+29,13035579.66220646516
5.955975911382440514e+29,13005568.68450783828
5.997302233311620308e+29,12975626.79915537217
6.038915303358926362e+29,12945753.8470821965
6.080817111163876779e+29,12915949.66958765038
6.123009660171365088e+29,12886214.10833643927
6.16549496772745059e+29,12856547.00535779378
6.208275065175813453e+29,12826948.20304463049
6.251351997954879049e+29,12797417.54415271465
6.294727825695616188e+29,12767954.87179982481
6.33840462232001396e+29,12738560.02946491937
6.382384476140241828e+29,12709232.86098730507
6.426669489958497809e+29,12679973.21056580739
6.471261781167549465e+29,12650780.92275794284
6.516163481851972426e+29,12621655.8424790932
6.561376738890091489e+29,12592597.81500168156
6.60690371405662897e+29,12563606.6859543504
6.652746584126065309e+29,12534682.30132114147
6.698907540976716883e+29,12505824.50744067753
6.745388791695535924e+29,12477033.15100534609
6.792192558683637694e+29,12448308.07906048492
6.839321079762559765e+29,12419649.13900356949
6.886776608281258674e+29,12391056.17858340223
6.93456141322384895e+29,12362529.04589930376
6.982677779318089701e+29,12334067.58940030585
7.031128007144624028e+29,12305671.65788434636
7.079914413246976249e+29,12277341.1004974659
7.129039330242312507e+29,12249075.7667330065
7.178505106932969847e+29,12220875.50643081197
7.228314108418759133e+29,12192740.16977643024
7.278468716210047204e+29,12164669.60730031739
7.32897132834162373e+29,12136663.66987704365
7.379824359487358022e+29,12108722.20872450115
7.431030241075651515e+29,12080845.0754031135
7.482591421405691271e+29,12053032.12181504721
7.53451036576451017e+29,12025283.20020342492
7.586789556544859299e+29,11997598.16315154046
7.639431493363898197e+29,11969976.86358207564
7.692438693182708738e+29,11942419.15475631896
7.74581369042663815e+29,11914924.890273386
7.799559037106477182e+29,11887493.92406944172
7.853677302940478941e+29,11860126.11041692445
7.908171075477224538e+29,11832821.30392377172
7.963042960219341077e+29,11805579.35953264788
8.018295580748078224e+29,11778400.13252017346
8.07393157884874906e+29,11751283.47849615632
8.129953614637041425e+29,11724229.25340282461
8.186364366686205573e+29,11697237.3135140614
8.243166532155124443e+29,11670307.5154346412
8.300362826917272464e+29,11643439.71609946811
8.35795598569056927e+29,11616633.77277281582
8.415948762168134336e+29,11589889.54304756932
8.47434392914994885e+29,11563206.88484446835
8.533144278675431265e+29,11536585.65641135259
8.59235262215693262e+29,11510025.71632240865
8.651971790514158161e+29,11483526.92347741866
8.712004634309521729e+29,11457089.13710101074
8.772454023884439255e+29,11430712.21674191111
8.833322849496567951e+29,11404396.02227219793
8.894614021457997799e+29,11378140.41388655688
8.956330470274401823e+29,11351945.25210153841
9.018475146785151993e+29,11325810.39775481679
9.081051022304407206e+29,11299735.71200445075
9.144061088763180304e+29,11273721.0563281459
9.207508358852390826e+29,11247766.29252251887
9.27139586616691036e+29,11221871.282702363
9.33572666535060736e+29,11196035.88929991593
9.400503832242398357e+29,11170259.97506412871
9.465730464023312629e+29,11144543.40305993666
9.53140967936457721e+29,11118886.0366675319
9.597544618576729483e+29,11093287.73958163757
9.664138443759764348e+29,11067748.37581078368
9.731194338954323297e+29,11042267.80967658468
9.798715510293932413e+29,11016845.90581301863
9.866705186158296789e+29,10991482.52916570811
9.935166617327658555e+29,10966177.54499120271
1.000410307713822593e+30,10940930.8188562632
1.007351786163868083e+30,10915742.21663714738
1.014341428974777225e+30,10890611.6045188975
1.02137957034130033e+30,10865538.84899462942
1.028466546777041923e+30,10840523.81686482331
1.035602697130550419e+30,10815566.37523661603
1.042788362601519432e+30,10790666.39152309516
1.050023886757101516e+30,10765823.73344259459
1.05730961554833508e+30,10741038.26901799183
1.064645897326685295e+30,10716309.86657600679
1.07203308286069978e+30,10691638.39474650235
1.07947152535277983e+30,10667023.72246178641
1.08696158045606805e+30,10642465.7189559156
1.094503606291453125e+30,10617964.25376400058
1.102097963464692616e+30,10593519.19672151293
1.10974501508365454e+30,10569130.41796359369
1.117445126775678603e+30,10544797.7879243634
1.125198666705057869e+30,10520521.17733623381
1.133006005590641762e+30,10496300.45722922114
1.140867516723561183e+30,10472135.49893026091
1.148783575985076619e+30,10448026.17406252438
1.156754561864550104e+30,10423972.35454473651
1.164780855477541875e+30,10399973.9125904956
1.172862840584032589e+30,10376030.72070759433
1.181000903606771985e+30,10352142.65169734252
1.189195433649754856e+30,10328309.57865389135
1.197446822516825221e+30,10304531.37496355921
1.205755464730409584e+30,10280807.91430415901
1.214121757550380173e+30,10257139.07064432713
1.222546100993049073e+30,10233524.71824285386
1.231028897850294143e+30,10209964.73164801539
1.239570553708817639e+30,10186458.98569690738
1.248171476969538481e+30,10163007.35551477997
1.256832078867119059e+30,10139609.71651437445
1.265552773489627532e+30,10116265.94439526132
1.274333977798336567e+30,10092975.91514318001
1.283176111647659438e+30,10069739.50502937998
1.292079597805224468e+30,10046556.59060996347
1.301044861972088756e+30,10023427.04872522967
1.31007233280309215e+30,10000350.75649902043
1.319162441927352463e+30,9977327.591338067489
1.328315623968902893e+30,9954357.430931341196
1.337532316567472637e+30,9931440.15324940073
1.346812960399411685e+30,9908575.636543745802
1.356157999198760825e+30,9885763.759346169886
1.365567879778467828e+30,9863004.400468114895
1.375043052051750846e+30,9840297.439000027386
1.38458396905361005e+30,9817642.7543107162
1.394191086962488517e+30,9795040.226046711632
1.403864865122083439e+30,9772489.73413162604
1.413605766063308633e+30,9749991.158765515926
1.423414255526409476e+30,9727544.38042424551
1.433290802483231275e+30,9705149.279858851757
1.443235879159642144e+30,9682805.738094910857
1.453249961058111462e+30,9660513.636431906171
1.463333526980445017e+30,9638272.856442597639
1.473487059050677874e+30,9616083.279972392621
1.483711042738126104e+30,9593944.789138718218
1.494005966880598453e+30,9571857.266330394989
1.504372323707769076e+30,9549820.594207012176
1.514810608864712439e+30,9527834.655698304296
1.525321321435601521e+30,9505899.334003529226
1.535904963967570449e+30,9484014.512590847682
1.546562042494742719e+30,9462180.075196704157
1.557293066562426127e+30,9440395.905825209256
1.568098549251475571e+30,9418661.888747523466
1.578979007202824923e+30,9396977.908501242346
1.589934960642189102e+30,9375343.849889783137
1.600966933404937543e+30,9353759.597981772774
1.61207545296114027e+30,9332225.0381104373
1.623261050440787733e+30,9310740.055872992719
1.634524260659185649e+30,9289304.537130037203
1.645865622142526059e+30,9267918.368004944745
1.657285677153635779e+30,9246581.434883260175
1.66878497171790355e+30,9225293.624412095589
1.680364055649387061e+30,9204054.823499528155
1.692023482577101132e+30,9182864.919313999306
1.703763809971488276e+30,9161723.799283715322
1.715585599171072988e+30,9140631.351096049304
1.727489415409300897e+30,9119587.462696944493
1.739475827841564223e+30,9098592.022290318982
1.751545409572414698e+30,9077644.918337471811
1.763698737682965339e+30,9056746.039556490399
1.775936393258482338e+30,9035895.27492165937
1.7882589614161684e+30,9015092.513662870716
1.800667031333138879e+30,8994337.645265035329
1.813161196274591999e+30,8973630.559467495911
1.825742053622174565e+30,8952971.146263441169
1.838410204902544476e+30,8932359.295899321435
1.851166255816131443e+30,8911794.898874265591
1.864010816266097232e+30,8891277.845939499342
1.876944500387496895e+30,8870808.028097764817
1.889967926576642298e+30,8850385.336602741545
1.903081717520669424e+30,8830009.662958468707
1.916286500227310823e+30,8809680.898918768783
1.929582906054874626e+30,8789398.93648667246
1.942971570742431598e+30,8769163.667913844914
1.956453134440211634e+30,8748974.985700013395
1.970028241740211154e+30,8728832.782592396125
1.9836975417070129e+30,8708736.951585132509
1.99746168790881956e+30,8688687.385918714676
2.011321338448702721e+30,8668683.979079420318
2.025277155996068656e+30,8648726.624798746815
2.039329807818342441e+30,8628815.217052846703
2.053479965812871911e+30,8608949.650061964413
2.067728306539052985e+30,8589129.818289874307
2.082075511250677906e+30,8569355.616443320021
2.096522265928507913e+30,8549626.939471455089
2.11106926131307196e+30,8529943.682565284869
2.125717192937692972e+30,8510305.741157109731
2.140466761161743277e+30,8490713.010919969536
2.155318671204130793e+30,8471165.387767089414
2.170273633177017547e+30,8451662.767851326787
2.185332362119772168e+30,8432205.047564619677
2.200495578033157954e+30,8412792.123537436305
2.215764005913758155e+30,8393423.892638225905
2.231138375788640149e+30,8374100.251972870873
2.246619422750260091e+30,8354821.098884140118
2.262207886991609781e+30,8335586.330951143691
2.277904513841607431e+30,8316395.845988788688
2.293710053800733938e+30,8297249.542047236378
2.309625262576916446e+30,8278147.317411360587
2.325650901121660925e+30,8259089.070600207352
2.341787735666435408e+30,8240074.700366455791
2.35803653775930571e+30,8221104.105695880216
2.374398084301825347e+30,8202177.185806813515
2.390873157586181397e+30,8183293.840149611719
2.407462545332598137e+30,8164453.968406119857
2.424167040727000195e+30,8145657.470489139003
2.440987442458937003e+30,8126904.24654189455
2.457924554759770455e+30,8108194.196937505737
2.474979187441127486e+30,8089527.22227845637
2.492152155933619465e+30,8070903.223396066766
2.509444281325830278e+30,8052322.101349966929
2.526856390403574901e+30,8033783.757427570923
2.544389315689430387e+30,8015288.093143552448
2.562043895482541151e+30,7996835.010239321658
2.579820973898700427e+30,7978424.410682503127
2.597721400910709876e+30,7960056.19666641509
2.615746032389019188e+30,7941730.270609549815
2.633895730142647691e+30,7923446.535155055201
2.65217136196038991e+30,7905204.893170217584
2.670573801652307004e+30,7887005.2477459457
2.68910392909150613e+30,7868847.502196255864
2.707762630256209684e+30,7850731.560057758318
2.726550797272116443e+30,7832657.325089144776
2.745469328455056634e+30,7814624.701270677122
2.764519128353942982e+30,7796633.592803677328
2.783701107794019767e+30,7778683.904110018497
2.80301618392041198e+30,7760775.539831617125
2.82246528024197665e+30,7742908.404829926495
2.842049326675458413e+30,7725082.404185431246
2.861769259589951518e+30,7707297.443197143132
2.881626021851670283e+30,7689553.427382097903
2.901620562869030195e+30,7671850.262474853368
2.921753838638041889e+30,7654187.854426988608
2.942026811788019991e+30,7636566.109406604352
2.962440451627609187e+30,7618984.933797824463
2.98299573419112965e+30,7601444.234200298642
3.003693642285243995e+30,7583943.917428706203
3.024535165535948081e+30,7566483.890512261048
3.045521300435887866e+30,7549064.060694217745
3.066653050392004528e+30,7531684.335431378752
3.087931425773510246e+30,7514344.622393602794
3.109357443960196812e+30,7497044.829463314348
3.130932129391079455e+30,7479784.864735014264
3.152656513613378211e+30,7462564.636514791518
3.174531635331839132e+30,7445384.053319836102
3.196558540458397695e+30,7428243.02387795298
3.218738282162186867e+30,7411141.457127077251
3.241071920919892109e+30,7394079.262214790339
3.263560524566455796e+30,7377056.348497837369
3.286205168346133439e+30,7360072.625541645602
3.309006934963904176e+30,7343128.003119844005
3.331966914637238009e+30,7326222.391213783927
3.355086205148222199e+30,7309355.700012060873
3.37836591189604932e+30,7292527.839910037365
3.401807147949869611e+30,7275738.721509366935
3.425411034102009922e+30,7258988.255617519178
3.449178698921562045e+30,7242276.353247305929
3.473111278808342787e+30,7225602.92561640851
3.497209918047228486e+30,7208967.884146906064
3.521475768862866545e+30,7192371.140464805002
3.545909991474766586e+30,7175812.6063995695
3.570513754152773818e+30,7159292.193983653089
3.595288233272927376e+30,7142809.815452031337
3.620234613373706225e+30,7126365.383241735593
3.64535408721266528e+30,7109958.809991387798
3.670647855823464589e+30,7093590.008540736383
3.696117128573294144e+30,7077258.891930193227
3.721763123220697191e+30,7060965.373400371687
3.747587065973794752e+30,7044709.366391625681
3.773590191548914083e+30,7028490.784543589835
3.799773743229624029e+30,7012309.541694720703
3.826138972926179944e+30,6996165.551881839026
3.852687141235381078e+30,6980058.729339673042
3.879419517500843317e+30,6963988.988500402879
3.906337379873690094e+30,6947956.243993205941
3.933442015373664485e+30,6931960.410643803414
3.960734719950665255e+30,6916001.403474007741
3.988216798546709912e+30,6900079.13770127119
4.015889565158327754e+30,6884193.528738235446
4.043754342899385731e+30,6868344.492192282235
4.071812464064350321e+30,6852531.94386508498
4.100065270191988327e+30,6836755.799752161513
4.128514112129509665e+30,6821015.976042427784
4.157160350097155219e+30,6805312.389117752615
4.186005353753232861e+30,6789644.955552513489
4.215050502259604683e+30,6774013.592113153328
4.244297184347628713e+30,6758418.215757738337
4.273746798384558077e+30,6742858.743635516828
4.303400752440400933e+30,6727335.093086479072
4.333260464355244337e+30,6711847.181640918176
4.363327361807045191e+30,6696394.927018991956
4.393602882379891597e+30,6680978.247130285816
4.424088473632737876e+30,6665597.060073376657
4.454785593168616464e+30,6650251.284135397763
4.485695708704330079e+30,6634940.837791604696
4.516820298140627442e+30,6619665.639704942212
4.548160849632865929e+30,6604425.60872561213
4.579718861662164522e+30,6589220.663890642246
4.611495843107050465e+30,6574050.72442345621
4.643493313315603036e+30,6558915.709733444382
4.675712802178097914e+30,6543815.539415535716
4.708155850200155624e+30,6528750.133249770596
4.74082400857639745e+30,6513719.411200874659
4.773718839264612519e+30,6498723.293417833617
4.806841915060439442e+30,6483761.70023346905
4.840194819672566124e+30,6468834.552164015146
4.873779147798451461e+30,6453941.769908696486
4.907596505200572295e+30,6439083.274349306712
4.941648508783199555e+30,6424258.98654978824
4.975936786669707037e+30,6409468.8277558129
5.010462978280416615e+30,6394712.719394363551
5.045228734410983622e+30,6379990.583073316662
5.080235717311326079e+30,6365302.340581025856
5.115485600765101604e+30,6350647.913885906401
5.150980070169735794e+30,6336027.22513602067
5.186720822617005887e+30,6321440.196658664559
5.222709566974183506e+30,6306886.750959954828
5.258948023965740542e+30,6292366.810724417437
5.295437926255621873e+30,6277880.298814576789
5.332181018530088933e+30,6263427.138270545949
5.369179057581138203e+30,6249007.252309617782
5.406433812390498371e+30,6234620.564325857044
5.443947064214210449e+30,6220266.99788969342
5.48172060666779469e+30,6205946.476747515486
5.519756245812008435e+30,6191658.924821265603
5.558055800239199037e+30,6177404.266208035762
5.596621101160255979e+30,6163182.425179664347
5.635453992492166231e+30,6148993.326182333812
5.674556330946177239e+30,6134836.893836169324
5.713929986116571523e+30,6120713.052934838285
5.75357684057005736e+30,6106621.728445150813
5.793498789935779635e+30,6092562.845506661115
5.833697742995955283e+30,6078536.329431269793
5.874175621777137618e+30,6064542.105702827064
5.914934361642113896e+30,6050580.099976736892
5.955975911382440511e+30,6036650.238079562025
5.997302233311620308e+30,6022752.44600862995
6.03891530335892636e+30,6008886.649931639762
6.080817111163876783e+30,5995052.776186269907
6.123009660171365091e+30,5981250.751279786873
6.165494967727450593e+30,5967480.50188865474
6.208275065175813446e+30,5953741.954858145659
6.251351997954879045e+30,5940035.037201951214
6.29472782569561619e+30,5926359.67610179467
6.338404622320013957e+30,5912715.798907044138
6.382384476140241826e+30,5899103.333134326618
6.426669489958497809e+30,5885522.206467142912
6.471261781167549469e+30,5871972.346755483461
6.516163481851972426e+30,5858453.682015445032
6.561376738890091494e+30,5844966.140428848314
6.606903714056628973e+30,5831509.650342856378
6.652746584126065309e+30,5818084.140269594012
6.698907540976716878e+30,5804689.538885767952
6.74538879169553593e+30,5791325.775032287971
6.792192558683637697e+30,5777992.777713888839
6.839321079762559768e+30,5764690.47609875317
6.886776608281258677e+30,5751418.799518135123
6.934561413223848946e+30,5738177.677465984963
6.982677779318089713e+30,5724967.039598574512
7.031128007144624035e+30,5711786.815734123431
7.079914413246976252e+30,5698636.935852426394
7.129039330242312514e+30,5685517.330094481093
7.17850510693296985e+30,5672427.92876211711
7.228314108418759127e+30,5659368.662317625652
7.278468716210047207e+30,5646339.461383390124
7.328971328341623728e+30,5633340.25674151756
7.379824359487358022e+30,5620370.97933347091
7.431030241075651514e+30,5607431.560259702144
7.482591421405691271e+30,5594521.930779286247
7.534510365764510184e+30,5581642.022309556018
7.586789556544859296e+30,5568791.766425737721
7.639431493363898198e+30,5555971.094860587585
7.692438693182708741e+30,5543179.939504029131
7.74581369042663815e+30,5530418.232402791326
7.799559037106477176e+30,5517685.905760047596
7.853677302940478945e+30,5504982.891935055643
7.908171075477224536e+30,5492309.123442798102
7.96304296021934108e+30,5479664.532953624037
8.018295580748078228e+30,5467049.053292891228
8.073931578848749066e+30,5454462.617440609331
8.129953614637041431e+30,5441905.158531083819
8.186364366686205581e+30,5429376.609852560753
8.243166532155124432e+30,5416876.904846872384
8.300362826917272461e+30,5404405.977109083558
8.357955985690569272e+30,5391963.760387138933
8.415948762168134331e+30,5379550.188581511021
8.474343929149948851e+30,5367165.195744849033
8.53314427867543127e+30,5354808.716081628524
8.592352622156932624e+30,5342480.683947801864
8.651971790514158169e+30,5330181.033850449488
8.712004634309521736e+30,5317909.700447431983
8.772454023884439258e+30,5305666.618547042944
8.833322849496567952e+30,5293451.723107662638
8.89461402145799779e+30,5281264.94923741248
8.956330470274401823e+30,5269106.23219381029
9.018475146785151998e+30,5256975.507383426342
9.081051022304407205e+30,5244872.710361540215
9.144061088763180304e+30,5232797.776831798433
9.207508358852390826e+30,5220750.642645872875
9.271395866166910367e+30,5208731.243803120003
9.335726665350607366e+30,5196739.516450240846
9.400503832242398367e+30,5184775.396880941782
9.465730464023312635e+30,5172838.8215355961
9.531409679364577214e+30,5160929.727000906329
9.597544618576729475e+30,5149048.050009567361
9.66413844375976435e+30,5137193.727439930346
9.731194338954323298e+30,5125366.696315667342
9.798715510293932417e+30,5113566.893805436769
9.866705186158296793e+30,5101794.257222549609
9.935166617327658553e+30,5090048.724024636373
1.000410307713822595e+31,5078330.23181331486
1.007351786163868084e+31,5066638.718333858651
1.014341428974777226e+31,5054974.121474866389
1.02137957034130033e+31,5043336.379267931807
1.028466546777041923e+31,5031725.429887314511
1.035602697130550418e+31,5020141.211649611547
1.042788362601519433e+31,5008583.663013429694
1.050023886757101517e+31,4997052.722579058527
1.05730961554833508e+31,4985548.329088144225
1.064645897326685296e+31,4974070.421423364154
1.072033082860699779e+31,4962618.93860810215
1.079471525352779832e+31,4951193.819806124606
1.086961580456068049e+31,4939795.004321257263
1.094503606291453124e+31,4928422.431597062766
1.102097963464692615e+31,4917076.04121651896
1.109745015083654541e+31,4905755.77290169791
1.117445126775678602e+31,4894461.566513445691
1.12519866670505787e+31,4883193.362051062888
1.133006005590641763e+31,4871951.099651985836
1.140867516723561184e+31,4860734.719591468611
1.14878357598507662e+31,4849544.16228226573
1.156754561864550104e+31,4838379.368274315603
1.164780855477541876e+31,4827240.278254424697
1.172862840584032589e+31,4816126.833045952429
1.181000903606771984e+31,4805038.9736084968
1.189195433649754856e+31,4793976.641037580737
1.197446822516825221e+31,4782939.776564339153
1.205755464730409583e+31,4771928.321555206751
1.214121757550380174e+31,4760942.217511606525
1.222546100993049073e+31,4749981.40606963898
1.231028897850294143e+31,4739045.828999772083
1.23957055370881764e+31,4728135.428206531907
1.24817147696953848e+31,4717250.145728194007
1.25683207886711906e+31,4706389.923736475494
1.265552773489627531e+31,4695554.704536227814
1.274333977798336566e+31,4684744.430565130253
1.283176111647659438e+31,4673959.044393384129
1.292079597805224469e+31,4663198.488723407694
1.301044861972088757e+31,4652462.706389531747
1.310072332803092151e+31,4641751.640357695926
1.319162441927352463e+31,4631065.233725145734
1.328315623968902895e+31,4620403.429720130222
1.337532316567472638e+31,4609766.171701600399
1.346812960399411683e+31,4599153.403158908323
1.356157999198760825e+31,4588565.067711506889
1.365567879778467828e+31,4578001.109108650299
1.375043052051750846e+31,4567461.471229095235
1.38458396905361005e+31,4556946.098080802718
1.394191086962488517e+31,4546454.933800640635
1.40386486512208344e+31,4535987.922654086983
1.413605766063308631e+31,4525545.009034933757
1.423414255526409476e+31,4515126.137464991563
1.433290802483231277e+31,4504731.252593794877
1.443235879159642144e+31,4494360.299198307991
1.45324996105811146e+31,4484013.22218263165
1.463333526980445017e+31,4473689.966577710347
1.473487059050677874e+31,4463390.4775410403
1.483711042738126104e+31,4453114.700356378102
1.494005966880598453e+31,4442862.580433450037
1.504372323707769077e+31,4432634.063307662068
1.51481060886471244e+31,4422429.094639810502
1.525321321435601521e+31,4412247.62021579329
1.53590496396757045e+31,4402089.585946322041
1.54656204249474272e+31,4391954.937866634654
1.557293066562426128e+31,4381843.622136208628
1.568098549251475568e+31,4371755.585038475047
1.578979007202824922e+31,4361690.772980533196
1.5899349606421891e+31,4351649.132492865851
1.600966933404937543e+31,4341630.610229055228
1.61207545296114027e+31,4331635.152965499573
1.623261050440787733e+31,4321662.707601130404
1.634524260659185652e+31,4311713.221157130431
1.645865622142526059e+31,4301786.640776652077
1.657285677153635779e+31,4291882.913724536702
1.66878497171790355e+31,4282001.98738703443
1.680364055649387061e+31,4272143.809271524638
1.692023482577101132e+31,4262308.327006237098
1.703763809971488278e+31,4252495.48833997374
1.715585599171072987e+31,4242705.241141831072
1.727489415409300898e+31,4232937.533400923232
1.739475827841564224e+31,4223192.313226105683
1.751545409572414699e+31,4213469.528845699529
1.763698737682965342e+31,4203769.128607216493
1.775936393258482338e+31,4194091.060977084498
1.788258961416168402e+31,4184435.274540373904
1.800667031333138878e+31,4174801.718000524359
1.813161196274591998e+31,4165190.340179072284
1.825742053622174564e+31,4155601.090015378994
1.838410204902544478e+31,4146033.91656635943
1.851166255816131445e+31,4136488.769006211525
1.864010816266097234e+31,4126965.596626146192
1.876944500387496896e+31,4117464.348834117934
1.889967926576642298e+31,4107984.975154556063
1.903081717520669426e+31,4098527.425228096565
1.916286500227310821e+31,4089091.648811314546
1.929582906054874626e+31,4079677.595776457328
1.942971570742431602e+31,4070285.216111178136
1.956453134440211633e+31,4060914.459918270407
1.970028241740211153e+31,4051565.277415402712
1.983697541707012902e+31,4042237.618934854288
1.997461687908819561e+31,4032931.434923251174
2.011321338448702722e+31,4023646.675941302953
2.025277155996068658e+31,4014383.292663540122
2.039329807818342442e+31,4005141.235878052027
2.053479965812871914e+31,3995920.456486225442
2.067728306539052988e+31,3986720.90550248372
2.082075511250677903e+31,3977542.534054026562
2.096522265928507915e+31,3968385.293380570379
2.111069261313071961e+31,3959249.134834089248
2.125717192937692971e+31,3950134.009878556474
2.140466761161743278e+31,3941039.870089686737
2.155318671204130794e+31,3931966.667154678838
2.170273633177017548e+31,3922914.352871959038
2.185332362119772169e+31,3913882.879150924982
2.200495578033157954e+31,3904872.198011690224
2.215764005913758159e+31,3895882.261584829327
2.231138375788640153e+31,3886913.022111123554
2.246619422750260087e+31,3877964.431941307154
2.262207886991609782e+31,3869036.443535814219
2.277904513841607432e+31,3860129.009464526126
2.293710053800733936e+31,3851242.08240651957
2.309625262576916448e+31,3842375.615149815171
2.325650901121660926e+31,3833529.560591126652
2.341787735666435409e+31,3824703.871735610606
2.358036537759305712e+31,3815898.501696616838
2.374398084301825347e+31,3807113.403695439275
2.390873157586181398e+31,3798348.531061067454
2.40746254533259814e+31,3789603.83722993858
2.424167040727000192e+31,3780879.27574569016
2.440987442458937003e+31,3772174.800258913199
2.457924554759770457e+31,3763490.364526905968
2.474979187441127488e+31,3754825.922413428345
2.492152155933619468e+31,3746181.427888456698
2.509444281325830281e+31,3737556.835027939376
2.526856390403574903e+31,3728952.098013552713
2.544389315689430389e+31,3720367.171132457628
2.56204389548254115e+31,3711802.008777056775
2.579820973898700426e+31,3703256.56544475225
2.597721400910709875e+31,3694730.795737703853
2.615746032389019189e+31,3686224.654362587919
2.633895730142647694e+31,3677738.096130356694
2.652171361960389911e+31,3669271.07595599826
2.670573801652307003e+31,3660823.548858297034
2.689103929091506131e+31,3652395.469959594786
2.707762630256209685e+31,3643986.794485552244
2.726550797272116446e+31,3635597.47776491122
2.745469328455056636e+31,3627227.475229257291
2.764519128353942983e+31,3618876.742412783033
2.783701107794019766e+31,3610545.234952051797
2.803016183920411978e+31,3602232.908585762019
2.822465280241976647e+31,3593939.719154512091
2.842049326675458414e+31,3585665.622600565757
2.861769259589951522e+31,3577410.574967618057
2.881626021851670283e+31,3569174.53240056181
2.9016205628690302e+31,3560957.451145254625
2.921753838638041892e+31,3552759.28754828647
2.942026811788019993e+31,3544579.998056747754
2.962440451627609192e+31,3536419.539217997946
2.982995734191129651e+31,3528277.867679434743
3.003693642285243992e+31,3520154.940188263754
3.024535165535948079e+31,3512050.713591268715
